{
	"display": {
		"icon": {
			"item": "minecraft:shelter_pottery_sherd"
		},
		"title": {
			"text": "Cavernous: Ancient Secrets"
		},
		"description": {
			"text": "Discovered the undergrowth"
		},
		"background": "minecraft:textures/block/packed_mud.png",
		"frame": "task",
		"show_toast": false,
		"announce_to_chat": true,
		"hidden": true
	},
	"criteria": {
		"cavernous:the_undergrowth": {
			"trigger": "minecraft:location",
			"conditions": {
				"player": [
					{
						"condition": "minecraft:entity_properties",
						"entity": "this",
						"predicate": {
							"location": {
								"biome": "cavernous:the_undergrowth"
							}
						}
					}
				]
			}
		}
	},
	"rewards": {
		"function": "cavernous:secrets/discover"
	}
}
