{
  "type": "integrated_api:generic_structure",
  "start_pool": "integrated_villages:oasis_village/house/main",
  "size": 17,
  "valid_biome_radius_check": 2,
  "terrain_height_radius_check": 2,
  "allowed_terrain_height_range": 20,
  "max_distance_from_center": 250,
  "cannot_spawn_in_liquid": true,
  "biomes": "#integrated_villages:has_structure/oasis_village_biomes",
  "step": "surface_structures",
  "enhanced_terrain_adaptation": {
    "type": "integrated_api:none"
  },
  "project_start_to_heightmap": "WORLD_SURFACE_WG",
  "start_height": {
    "absolute": 0
  },
  "use_bounding_box_hack": true,
  "spawn_overrides": {}
}