{
  "type": "integrated_api:biome_facing_structure",
  "start_pool": "integrated_villages:pirate_village/docks/docks",
  "size": 20,
  "max_distance_from_center": 125,
  "biomes": "#integrated_villages:has_structure/pirate_village_ocean_biomes",
  "valid_biome_radius_check": 1,
  "target_biomes": "#integrated_villages:has_structure/pirate_village_biomes",
  "target_biome_radius_check_blocks": 24,
  "step": "surface_structures",
  "enhanced_terrain_adaptation": {
    "type": "integrated_api:none"
  },
  "project_start_to_heightmap": "WORLD_SURFACE_WG",
  "start_height": {
    "absolute": -19
  },
  "spawn_overrides": {}
}