{
  "type": "integrated_api:generic_structure",
  "start_pool": "integrated_villages:tavern_village/tavern",
  "rotation_fixed": true,
  "size": 22,
  "valid_biome_radius_check": 1,
  "terrain_height_radius_check": 3,
  "allowed_terrain_height_range": 18,
  "allowed_y_range_from_start": 90,
  "max_distance_from_center": 75,
  "cannot_spawn_in_liquid": true,
  "biomes": "#integrated_villages:has_structure/tavern_village_biomes",
  "step": "surface_structures",
  "enhanced_terrain_adaptation": {
    "type": "integrated_api:none"
  },
  "project_start_to_heightmap": "WORLD_SURFACE_WG",
  "start_height": {
    "absolute": 0
  },
  "use_bounding_box_hack": true,
  "spawn_overrides": {}
}