{
  "structures": [
    {
      "structure": "integrated_villages:tavern_village",
      "weight": 1
    },
    {
      "structure": "integrated_villages:pirate_village",
      "weight": 1
    },
    {
      "structure": "integrated_villages:mediterranean_village",
      "weight": 1
    },
    {
      "structure": "integrated_villages:kutcha_village",
      "weight": 1
    },
    {
      "structure": "integrated_villages:oasis_village",
      "weight": 1
    }
  ],
  "placement": {
    "type": "integrated_api:advanced_random_spread",
    "salt": 1982700828,
    "spacing": 60,
    "separation": 32,
    "super_exclusion_zone": {
      "chunk_count": 6,
      "other_set": "#integrated_villages:village_avoid"
    }
  }
}