{
  "parent": "integrated_villages:integrated_villages_root",
  "display": {
    "icon": {
      "item": "create:windmill_bearing"
    },
    "title": {
      "translate": "Tavern Village"
    },
    "description": {
      "translate": "Wind Powered Villagers"
    },
    "show_toast": true,
    "announce_to_chat": true,
    "hidden": false
  },
  "rewards": {
    "experience": 100
  },
  "criteria": {
    "in_tavern_village": {
      "trigger": "minecraft:location",
      "conditions": {
        "player": [
          {
            "condition": "minecraft:entity_properties",
            "entity": "this",
            "predicate": {
              "location": {
                "structure": "integrated_villages:tavern_village"
              }
            }
          }
        ]
      }
    }
  },
  "requirements": [
    [
      "in_tavern_village"
    ]
  ]
}