{
  "name": "integrated_villages:pirate_village/tavern",
  "fallback": "minecraft:empty",
  "elements": [
    {
      "weight": 1,
      "element": {
        "location": "integrated_villages:pirate_village/house/pirate_village_tavern",
        "processors": "integrated_villages:pirate_village_processor",
        "projection": "rigid",
        "enhanced_terrain_adaptation": {
          "type": "integrated_api:custom",
          "carves": true,
          "beards": true,
          "kernel_size": 35,
          "kernel_distance": 35
        },
        "element_type": "integrated_api:integrated_api_single_pool_element"
      }
    }
  ]
}