{
  "name": "integrated_villages:pirate_village/docks/docks",
  "fallback": "integrated_villages:pirate_village/docks/docks",
  "elements": [
    {
      "weight": 1,
      "element": {
        "location": "integrated_villages:pirate_village/docks/pirate_village_docks1",
        "processors": "integrated_villages:pirate_village_dock_processor",
        "projection": "rigid",
        "enhanced_terrain_adaptation": {
          "type": "integrated_api:none"
        },
        "element_type": "integrated_api:integrated_api_single_pool_element"
      }
    }
  ]
}