{
  "name": "integrated_villages:pirate_village/intersection2",
  "fallback": "minecraft:empty",
  "elements": [
    {
      "weight": 1,
      "element": {
        "location": "integrated_villages:pirate_village/intersection/pirate_village_intersection2",
        "processors": "integrated_villages:pirate_village_processor",
        "projection": "rigid",
        "enhanced_terrain_adaptation": {
          "type": "integrated_api:none"
        },
        "element_type": "integrated_api:integrated_api_single_pool_element"
      }
    }
  ]
}