{
  "name": "integrated_villages:oasis_village/path/path",
  "fallback": "minecraft:empty",
  "elements": [
    {
      "weight": 2,
      "element": {
        "location": "integrated_villages:oasis_village/path/oasis_village_path_house1",
        "processors": "integrated_villages:oasis_village_processor",
        "projection": "terrain_matching",
        "element_type": "minecraft:legacy_single_pool_element"
      }
    },
    {
      "weight": 2,
      "element": {
        "location": "integrated_villages:oasis_village/path/oasis_village_path_house2",
        "processors": "integrated_villages:oasis_village_processor",
        "projection": "terrain_matching",
        "element_type": "minecraft:legacy_single_pool_element"
      }
    },
    {
      "weight": 2,
      "element": {
        "location": "integrated_villages:oasis_village/path/oasis_village_path_house3",
        "processors": "integrated_villages:oasis_village_processor",
        "projection": "terrain_matching",
        "element_type": "minecraft:legacy_single_pool_element"
      }
    },
    {
      "weight": 2,
      "element": {
        "location": "integrated_villages:oasis_village/path/oasis_village_path_house4",
        "processors": "integrated_villages:oasis_village_processor",
        "projection": "terrain_matching",
        "element_type": "minecraft:legacy_single_pool_element"
      }
    },
    {
      "weight": 2,
      "element": {
        "location": "integrated_villages:oasis_village/path/oasis_village_path_house5",
        "processors": "integrated_villages:oasis_village_processor",
        "projection": "terrain_matching",
        "element_type": "minecraft:legacy_single_pool_element"
      }
    },
    {
      "weight": 2,
      "element": {
        "location": "integrated_villages:oasis_village/path/oasis_village_path_house_large1",
        "processors": "integrated_villages:oasis_village_processor",
        "projection": "terrain_matching",
        "element_type": "minecraft:legacy_single_pool_element"
      }
    },
    {
      "weight": 2,
      "element": {
        "location": "integrated_villages:oasis_village/path/oasis_village_path_house_large2",
        "processors": "integrated_villages:oasis_village_processor",
        "projection": "terrain_matching",
        "element_type": "minecraft:legacy_single_pool_element"
      }
    },
    {
      "weight": 2,
      "element": {
        "location": "integrated_villages:oasis_village/path/oasis_village_path_fountain",
        "processors": "integrated_villages:oasis_village_processor",
        "projection": "terrain_matching",
        "element_type": "minecraft:legacy_single_pool_element"
      }
    }
  ]
}