{
	"type": "minecraft:vegetation_patch",
	"config": {
		"surface": "floor",
		"depth": 1,
		"vertical_range": 5,
		"extra_bottom_block_chance": 0.8,
		"extra_edge_column_chance": 0.55,
		"vegetation_chance": 1,
		"xz_radius": {
			"type": "minecraft:uniform",
			"value": {
				"min_inclusive": 2,
				"max_inclusive": 4
			}
		},
		"replaceable": "#cavernous:myst/vilegorge_lava_replaceable",
		"ground_state": {
			"type": "minecraft:simple_state_provider",
			"state": {
				"Name": "minecraft:lava",
				"Properties": {
					"level": "0"
				}
			}
		},
		"vegetation_feature": {
			"feature": {
				"type": "minecraft:block_column",
				"config": {
					"direction": "down",
					"allowed_placement": {
						"type": "minecraft:true"
					},
					"prioritize_tip": true,
					"layers": [
						{
							"height": 1,
							"provider": {
								"type": "minecraft:simple_state_provider",
								"state": {
									"Name": "minecraft:air"
								}
							}
						},
						{
							"height": 3,
							"provider": {
								"type": "minecraft:simple_state_provider",
								"state": {
									"Name": "minecraft:magma_block"
								}
							}
						}
					]
				}
			},
			"placement": [
				{
					"type": "minecraft:block_predicate_filter",
					"predicate": {
						"type": "minecraft:all_of",
						"predicates": [
							{
								"type": "minecraft:any_of",
								"predicates": [
									{
										"type": "minecraft:matching_blocks",
										"offset": [
											1,
											-1,
											0
										],
										"blocks": [
											"minecraft:basalt",
											"minecraft:air"
										]
									},
									{
										"type": "minecraft:matching_blocks",
										"offset": [
											-1,
											-1,
											0
										],
										"blocks": [
											"minecraft:basalt",
											"minecraft:air"
										]
									},
									{
										"type": "minecraft:matching_blocks",
										"offset": [
											0,
											-1,
											1
										],
										"blocks": [
											"minecraft:basalt",
											"minecraft:air"
										]
									},
									{
										"type": "minecraft:matching_blocks",
										"offset": [
											0,
											-1,
											-1
										],
										"blocks": [
											"minecraft:basalt",
											"minecraft:air"
										]
									}
								]
							},
							{
								"type": "minecraft:not",
								"predicate": {
									"type": "minecraft:matching_blocks",
									"offset": [
										0,
										0,
										0
									],
									"blocks": "minecraft:magma_block"
								}
							}
						]
					}
				}
			]
		}
	}
}
