{
	"display": {
		"icon": {
			"item": "minecraft:writable_book"
		},
		"title": {
			"text": "Hint: Reports from the Citadel"
		},
		"description": {
			"text": "The library seems to have some interesting books. I wonder if there are any more hidden around."
		},
		"frame": "task",
		"show_toast": true,
		"announce_to_chat": true,
		"hidden": true
	},
	"parent": "cavernous:expansion/secrets/hint",
	"criteria": {
		"parent": {
			"trigger": "minecraft:inventory_changed",
			"conditions": {
				"player": [
					{
						"condition": "minecraft:entity_properties",
						"entity": "this",
						"predicate": {}
					}
				],
				"items": [
					{
						"items": [
							"minecraft:written_book"
						],
						"nbt": "{Tags:[\"report\"]}"
					}
				]
			}
		}
	}
}
