{
	"condition": "minecraft:any_of",
	"terms": [
		{
			"condition": "minecraft:entity_properties",
			"entity": "this",
			"predicate": {
				"type": "minecraft:creeper",
				"location": {
					"biome": "cavernous:the_undergrowth"
				}
			}
		},
		{
			"condition": "minecraft:entity_properties",
			"entity": "this",
			"predicate": {
				"type": "minecraft:creeper",
				"location": {
					"biome": "cavernous:myst/dreadmire"
				}
			}
		},
		{
			"condition": "minecraft:entity_properties",
			"entity": "this",
			"predicate": {
				"type": "minecraft:creeper",
				"location": {
					"biome": "cavernous:myst/dreadmire_"
				}
			}
		}
	]
}
