{
	"condition": "minecraft:any_of",
	"terms": [
		{
			"condition": "minecraft:entity_properties",
			"entity": "this",
			"predicate": {
				"type": "minecraft:zombie",
				"location": {
					"biome": "cavernous:painted_caves"
				}
			}
		},
		{
			"condition": "minecraft:entity_properties",
			"entity": "this",
			"predicate": {
				"type": "minecraft:zombie",
				"location": {
					"biome": "cavernous:desert_caves"
				}
			}
		},
		{
			"condition": "minecraft:entity_properties",
			"entity": "this",
			"predicate": {
				"type": "minecraft:zombie",
				"location": {
					"biome": "cavernous:arid_caves"
				}
			}
		}
	]
}
