{
	"display": {
		"icon": {
			"item": "minecraft:writable_book"
		},
		"title": {
			"text": "The Ascension"
		},
		"description": {
			"text": "This is awful, you must put an end to his madness. You should explore the pipe network further."
		},
		"frame": "task",
		"show_toast": true,
		"announce_to_chat": true,
		"hidden": true
	},
	"parent": "cavernous:expansion/secrets/story/a5_the_study",
	"criteria": {
		"parent": {
			"trigger": "minecraft:inventory_changed",
			"conditions": {
				"player": [
					{
						"condition": "minecraft:entity_properties",
						"entity": "this",
						"predicate": {}
					}
				],
				"items": [
					{
						"items": [
							"minecraft:written_book"
						],
						"nbt": "{Tags:ascension}"
					}
				]
			}
		}
	}
}
