{
  "name": "integrated_villages:pirate_village/pirate_village_path_large4",
  "fallback": "minecraft:empty",
  "elements": [
    {
      "weight": 1,
      "element": {
        "location": "integrated_villages:pirate_village/path/pirate_village_path1",
        "processors": "integrated_villages:pirate_village_processor",
        "projection": "terrain_matching",
        "enhanced_terrain_adaptation": {
          "type": "integrated_api:custom",
          "carves": true,
          "beards": true,
          "kernel_size": 12,
          "kernel_distance": 12
        },
        "element_type": "integrated_api:integrated_api_single_pool_element"
      }
    },
    {
      "weight": 1,
      "element": {
        "location": "integrated_villages:pirate_village/path/pirate_village_path2",
        "processors": "integrated_villages:pirate_village_processor",
        "projection": "terrain_matching",
        "enhanced_terrain_adaptation": {
          "type": "integrated_api:custom",
          "carves": true,
          "beards": true,
          "kernel_size": 12,
          "kernel_distance": 12
        },
        "element_type": "integrated_api:integrated_api_single_pool_element"
      }
    }
  ]
}