{
  "name": "integrated_villages:tavern_village/tavern_village_villager",
  "fallback": "minecraft:empty",
  "elements": [
    {
      "weight": 3,
      "element": {
        "location": "integrated_villages:tavern_village/mobs/tavern_village_villager",
        "processors": "integrated_villages:tavern_village_processor",
        "projection": "rigid",
        "element_type": "minecraft:single_pool_element"
      }
    },
    {
      "weight": 1,
      "element": {
        "location": "integrated_villages:tavern_village/mobs/tavern_village_villager_baby",
        "processors": "integrated_villages:tavern_village_processor",
        "projection": "rigid",
        "element_type": "minecraft:single_pool_element"
      }
    },
    {
      "weight": 1,
      "element": {
        "location": "integrated_villages:tavern_village/mobs/tavern_village_villager_nitwit",
        "processors": "integrated_villages:tavern_village_processor",
        "projection": "rigid",
        "element_type": "minecraft:single_pool_element"
      }
    }
  ]
}